LOCATION_ID,ADDRESS_1,ADDRESS_2,CITY,STATE,ZIP,COUNTY,LOCATION_SOURCE_VALUE,LATITUDE,LONGITUDE
1, ,,Busan, ,460,South Korea,460,35.2438001,129.2143053
2,Buk-gu,,Busan, ,465,South Korea,465,35.2096029,129.0083976
3,Buk-gu,,Busan, ,466,South Korea,466,35.2002879,128.9962255
4,Busanjin-gu,,Busan, ,471,South Korea,471,35.1591695,129.0253703
5,Busanjin-gu,,Busan, ,472,South Korea,472,35.1558716,129.0359609
6,Busanjin-gu,,Busan, ,473,South Korea,473,35.1506706,129.0282388
7,Dong-gu,,Busan, ,487,South Korea,487,35.1325113,129.0589853
8,Dong-gu,,Busan, ,488,South Korea,488,35.1183896,129.0368573
9,Dongnae-gu,,Busan, ,477,South Korea,477,35.2048424,129.0794734
10,Dongnae-gu,,Busan, ,478,South Korea,478,35.1961232,129.0883641
11,Dongnae-gu,,Busan, ,479,South Korea,479,35.1939042,129.0948061
12,Gangseo-gu,,Busan, ,467,South Korea,467,35.2161483,128.9391109
13,Geumjeong-gu,,Busan, ,462,South Korea,462,35.2467703,129.0892436
14,Geumjeong-gu,,Busan, ,463,South Korea,463,35.215263,129.1101637
15,Haeundae-gu,,Busan, ,480,South Korea,480,35.2208697,129.1510128
16,Haeundae-gu,,Busan, ,481,South Korea,481,35.1560938,129.1520503
17,Jung-gu,,Busan, ,489,South Korea,489,35.099054,129.0307467
18,Nam-gu,,Busan, ,484,South Korea,484,35.1170892,129.0771011
19,Nam-gu,,Busan, ,485,South Korea,485,35.1153706,129.0859562
20,Saha-gu,,Busan, ,493,South Korea,493,35.0978098,129.0092395
21,Saha-gu,,Busan, ,494,South Korea,494,35.0893998,128.9960152
22,Saha-gu,,Busan, ,495,South Korea,495,35.0693212,128.9891837
23,Sasang-gu,,Busan, ,469,South Korea,469,35.1508357,128.9934119
24,Sasang-gu,,Busan, ,470,South Korea,470,35.1433572,128.9743455
25,Seo-gu,,Busan, ,492,South Korea,492,35.0836132,129.0176147
26,Suyeong-gu,,Busan, ,482,South Korea,482,35.1636636,129.112566
27,Suyeong-gu,,Busan, ,483,South Korea,483,35.1516378,129.1126099
28,Yeongdo-gu,,Busan, ,490,South Korea,490,35.0900388,129.040557
29,Yeongdo-gu,,Busan, ,491,South Korea,491,35.073895,129.0683851
30,Yeonje-gu,,Busan, ,475,South Korea,475,35.197404,129.0761033
31,Yeonje-gu,,Busan, ,476,South Korea,476,35.1744877,129.0809473
32, ,,Daegu, ,429,South Korea,429,35.7768669,128.6498656
33, ,,Daegu, ,430,South Korea,430,35.6721705,128.4490331
34,Buk-gu,,Daegu, ,414,South Korea,414,35.935952,128.5633638
35,Buk-gu,,Daegu, ,415,South Korea,415,35.9111046,128.6162768
36,Dalseo-gu,,Daegu, ,426,South Korea,426,35.8454542,128.5095616
37,Dalseo-gu,,Daegu, ,427,South Korea,427,35.8425511,128.5025641
38,Dalseo-gu,,Daegu, ,428,South Korea,428,35.8085982,128.5343355
39,Dong-gu,,Daegu, ,410,South Korea,410,35.8847543,128.7158073
40,Dong-gu,,Daegu, ,411,South Korea,411,35.8747366,128.7208513
41,Dong-gu,,Daegu, ,412,South Korea,412,35.8814839,128.6261835
42,Jung-gu,,Daegu, ,419,South Korea,419,35.8711056,128.5870949
43,Nam-gu,,Daegu, ,424,South Korea,424,35.8376408,128.5672765
44,Nam-gu,,Daegu, ,425,South Korea,425,35.8309232,128.5594918
45,Seo-gu,,Daegu, ,417,South Korea,417,35.8769004,128.5690312
46,Seo-gu,,Daegu, ,418,South Korea,418,35.8672977,128.5760345
47,Suseong-gu,,Daegu, ,420,South Korea,420,35.8649929,128.6449822
48,Suseong-gu,,Daegu, ,421,South Korea,421,35.850478,128.6169246
49,Suseong-gu,,Daegu, ,422,South Korea,422,35.8516116,128.6870849
50,Daedeok-gu,,Daejeon, ,343,South Korea,343,36.4338535,127.4645026
51,Daedeok-gu,,Daejeon, ,344,South Korea,344,36.3647045,127.4402305
52,Dong-gu,,Daejeon, ,345,South Korea,345,36.3458916,127.4530873
53,Dong-gu,,Daejeon, ,346,South Korea,346,36.3390686,127.4397695
54,Dong-gu,,Daejeon, ,347,South Korea,347,36.4153451,127.5323082
55,Jung-gu,,Daejeon, ,348,South Korea,348,36.329105,127.4004309
56,Jung-gu,,Daejeon, ,349,South Korea,349,36.3189955,127.4281445
57,Jung-gu,,Daejeon, ,350,South Korea,350,36.2823082,127.4225513
58,Seo-gu,,Daejeon, ,352,South Korea,352,36.3357137,127.3856648
59,Seo-gu,,Daejeon, ,353,South Korea,353,36.3117622,127.3531388
60,Seo-gu,,Daejeon, ,354,South Korea,354,36.2820451,127.3645176
61,Yuseong-gu,,Daejeon, ,340,South Korea,340,36.4246836,127.391257
62,Yuseong-gu,,Daejeon, ,341,South Korea,341,36.3852855,127.3610642
63,Yuseong-gu,,Daejeon, ,342,South Korea,342,36.3374667,127.3005114
64,Buk-gu,,Gwangju, ,610,South Korea,610,35.223747,126.8589342
65,Buk-gu,,Gwangju, ,611,South Korea,611,35.1849078,126.9363765
66,Buk-gu,,Gwangju, ,612,South Korea,612,35.1539117,126.9073578
67,Dong-gu,,Gwangju, ,614,South Korea,614,35.163578,126.9179287
68,Dong-gu,,Gwangju, ,615,South Korea,615,35.0930579,126.9391953
69,Gwangsan-gu,,Gwangju, ,622,South Korea,622,35.2019388,126.7770464
70,Gwangsan-gu,,Gwangju, ,623,South Korea,623,35.1871377,126.7858017
71,Gwangsan-gu,,Gwangju, ,624,South Korea,624,35.1995727,126.7899831
72,Nam-gu,,Gwangju, ,616,South Korea,616,35.1457497,126.9112738
73,Nam-gu,,Gwangju, ,617,South Korea,617,35.054774,126.810334
74,Seo-gu,,Gwangju, ,619,South Korea,619,35.1589081,126.8943035
75,Seo-gu,,Gwangju, ,620,South Korea,620,35.1238742,126.8562081
76, ,,Incheon, ,230,South Korea,230,37.7454289,126.4989708
77, ,,Incheon, ,231,South Korea,231,37.8252063,124.7165834
78,Bupyeong-gu,,Incheon, ,213,South Korea,213,37.5185787,126.7215264
79,Bupyeong-gu,,Incheon, ,214,South Korea,214,37.4824198,126.7513995
80,Dong-gu,,Incheon, ,225,South Korea,225,37.4728764,126.6403147
81,Gyeyang-gu,,Incheon, ,210,South Korea,210,37.5831984,126.721004
82,Gyeyang-gu,,Incheon, ,211,South Korea,211,37.527755,126.7232851
83,Jung-gu,,Incheon, ,223,South Korea,223,37.4722357,126.6322503
84,Namdong-gu,,Incheon, ,215,South Korea,215,37.4639011,126.7129978
85,Namdong-gu,,Incheon, ,216,South Korea,216,37.3944155,126.704517
86,Namdong-gu,,Incheon, ,217,South Korea,217,37.3899698,126.6863951
87,Nam-gu,,Incheon, ,221,South Korea,221,37.4813677,126.6558913
88,Nam-gu,,Incheon, ,222,South Korea,222,37.4461376,126.6913914
89,Seo-gu,,Incheon, ,226,South Korea,226,37.5613249,126.6716563
90,Seo-gu,,Incheon, ,227,South Korea,227,37.5278279,126.6711187
91,Seo-gu,,Incheon, ,228,South Korea,228,37.5171568,126.7030316
92,Yeonsu-gu,,Incheon, ,219,South Korea,219,37.406791,126.671941
93,Yeonsu-gu,,Incheon, ,220,South Korea,220,37.3674209,126.6391636
94, ,,Sejong-si, ,300,South Korea,300,37.2442179,127.0602868
95, ,,Sejong-si, ,301,South Korea,301,36.5163619,127.2325097
96,Dobong-gu,,Seoul, ,13,South Korea,13,37.6879391,127.0336271
97,Dobong-gu,,Seoul, ,14,South Korea,14,37.6616965,127.0488039
98,Dongdaemun-gu,,Seoul, ,24,South Korea,24,37.5948523,127.065014
99,Dongdaemun-gu,,Seoul, ,25,South Korea,25,37.5728469,127.050788
100,Dongdaemun-gu,,Seoul, ,26,South Korea,26,37.5690296,127.0527684
101,Dongjak-gu,,Seoul, ,69,South Korea,69,37.5121927,126.9426099
102,Dongjak-gu,,Seoul, ,70,South Korea,70,37.4988477,126.9209566
103,Eunpyeong-gu,,Seoul, ,33,South Korea,33,37.6136331,126.9146012
104,Eunpyeong-gu,,Seoul, ,34,South Korea,34,37.6118299,126.9127484
105,Eunpyeong-gu,,Seoul, ,35,South Korea,35,37.5879406,126.9012474
106,Gangbuk-gu,,Seoul, ,10,South Korea,10,37.636018,127.0304322
107,Gangbuk-gu,,Seoul, ,11,South Korea,11,37.6260122,127.0148029
108,Gangbuk-gu,,Seoul, ,12,South Korea,12,37.6146092,127.0350209
109,Gangdong-gu,,Seoul, ,52,South Korea,52,37.5663288,127.1779966
110,Gangdong-gu,,Seoul, ,53,South Korea,53,37.5357043,127.1428948
111,Gangdong-gu,,Seoul, ,54,South Korea,54,37.5367102,127.1332652
112,Gangnam-gu,,Seoul, ,60,South Korea,60,37.5211172,127.0387065
113,Gangnam-gu,,Seoul, ,61,South Korea,61,37.5073609,127.0313069
114,Gangnam-gu,,Seoul, ,62,South Korea,62,37.5010505,127.0570152
115,Gangnam-gu,,Seoul, ,63,South Korea,63,37.485149,127.0598953
116,Gangseo-gu,,Seoul, ,75,South Korea,75,37.5642415,126.8426754
117,Gangseo-gu,,Seoul, ,76,South Korea,76,37.5600036,126.8091606
118,Gangseo-gu,,Seoul, ,77,South Korea,77,37.5642415,126.8426754
119,Gangseo-gu,,Seoul, ,78,South Korea,78,37.5533338,126.8510294
120,Geumcheon-gu,,Seoul, ,85,South Korea,85,37.4736171,126.8875386
121,Geumcheon-gu,,Seoul, ,86,South Korea,86,37.4753403,126.8859359
122,Guro-gu,,Seoul, ,82,South Korea,82,37.5006512,126.8473331
123,Guro-gu,,Seoul, ,83,South Korea,83,37.4812161,126.8880492
124,Gwanak-gu,,Seoul, ,87,South Korea,87,37.4883875,126.9363159
125,Gwanak-gu,,Seoul, ,88,South Korea,88,37.4720757,126.9786322
126,Gwangjin-gu,,Seoul, ,49,South Korea,49,37.5408696,127.1010086
127,Gwangjin-gu,,Seoul, ,50,South Korea,50,37.5407871,127.0921788
128,Gwangjin-gu,,Seoul, ,51,South Korea,51,37.5361164,127.0925537
129,Jongno-gu,,Seoul, ,30,South Korea,30,37.582283,126.9857544
130,Jongno-gu,,Seoul, ,31,South Korea,31,37.5725003,126.9829035
131,Jung-gu,,Seoul, ,45,South Korea,45,37.5651211,127.0036187
132,Jung-gu,,Seoul, ,46,South Korea,46,37.5609724,126.9945971
133,Jungnang-gu,,Seoul, ,20,South Korea,20,37.5977195,127.0932913
134,Jungnang-gu,,Seoul, ,21,South Korea,21,37.5921923,127.085053
135,Jungnang-gu,,Seoul, ,22,South Korea,22,37.5825323,127.0922594
136,Mapo-gu,,Seoul, ,39,South Korea,39,37.5586289,126.9244033
137,Mapo-gu,,Seoul, ,40,South Korea,40,37.543437,126.9289818
138,Mapo-gu,,Seoul, ,41,South Korea,41,37.5474965,126.960072
139,Mapo-gu,,Seoul, ,42,South Korea,42,37.5480479,126.9565653
140,Nowon-gu,,Seoul, ,16,South Korea,16,37.6562713,127.0624069
141,Nowon-gu,,Seoul, ,17,South Korea,17,37.6267804,127.0939572
142,Nowon-gu,,Seoul, ,18,South Korea,18,37.621091,127.0810891
143,Nowon-gu,,Seoul, ,19,South Korea,19,37.6217338,127.0676414
144,Seocho-gu,,Seoul, ,65,South Korea,65,37.495839,127.0007784
145,Seocho-gu,,Seoul, ,66,South Korea,66,37.4809758,126.9867274
146,Seocho-gu,,Seoul, ,67,South Korea,67,37.4580373,127.0704413
147,Seocho-gu,,Seoul, ,68,South Korea,68,37.4547766,127.0773448
148,Seodaemun-gu,,Seoul, ,36,South Korea,36,37.5812268,126.9228062
149,Seodaemun-gu,,Seoul, ,37,South Korea,37,37.579151,126.9182025
150,Seongbuk-gu,,Seoul, ,27,South Korea,27,37.610814,127.0298368
151,Seongbuk-gu,,Seoul, ,28,South Korea,28,37.5973535,127.0188961
152,Seongdong-gu,,Seoul, ,47,South Korea,47,37.5571621,127.0203312
153,Seongdong-gu,,Seoul, ,48,South Korea,48,37.5493261,127.0662385
154,Songpa-gu,,Seoul, ,55,South Korea,55,37.5079559,127.0981246
155,Songpa-gu,,Seoul, ,56,South Korea,56,37.4856859,127.1193237
156,Songpa-gu,,Seoul, ,57,South Korea,57,37.4993959,127.1254327
157,Songpa-gu,,Seoul, ,58,South Korea,58,37.4952961,127.1264188
158,Yangcheon-gu,,Seoul, ,79,South Korea,79,37.5422136,126.8704521
159,Yangcheon-gu,,Seoul, ,80,South Korea,80,37.5290568,126.8756087
160,Yangcheon-gu,,Seoul, ,81,South Korea,81,37.5092286,126.8676048
161,Yeongdeungpo-gu,,Seoul, ,72,South Korea,72,37.5332257,126.905817
162,Yeongdeungpo-gu,,Seoul, ,73,South Korea,73,37.5008791,126.8951661
163,Yeongdeungpo-gu,,Seoul, ,74,South Korea,74,37.5012342,126.9010221
164,Yongsan-gu,,Seoul, ,43,South Korea,43,37.5466632,126.9727153
165,Yongsan-gu,,Seoul, ,44,South Korea,44,37.5303354,127.000405
166, ,,Ulsan, ,449,South Korea,449,35.6607115,129.2291455
167, ,,Ulsan, ,450,South Korea,450,35.3570182,129.3544123
168,Buk-gu,,Ulsan, ,442,South Korea,442,35.6081515,129.3096429
169,Dong-gu,,Ulsan, ,440,South Korea,440,35.5437787,129.4283043
170,Dong-gu,,Ulsan, ,441,South Korea,441,35.4844571,129.4223037
171,Jung-gu,,Ulsan, ,444,South Korea,444,35.556235,129.3168269
172,Jung-gu,,Ulsan, ,445,South Korea,445,35.5672392,129.3284796
173,Nam-gu,,Ulsan, ,446,South Korea,446,35.5378817,129.317377
174,Nam-gu,,Ulsan, ,447,South Korea,447,35.4870016,129.3750857
175, ,,Boeun-gun,Chungcheongbuk-do,289,South Korea,289,36.5598728,127.6489089
176, ,,Cheongju-si,Chungcheongbuk-do,281,South Korea,281,36.5532528,127.5267128
177, ,,Cheongju-si,Chungcheongbuk-do,282,South Korea,282,36.553557,127.5487481
178, ,,Cheongju-si,Chungcheongbuk-do,283,South Korea,283,36.6473636,127.5174536
179, ,,Cheongju-si,Chungcheongbuk-do,284,South Korea,284,36.6618761,127.485029
180, ,,Cheongju-si,Chungcheongbuk-do,285,South Korea,285,36.6309197,127.4893668
181, ,,Cheongju-si,Chungcheongbuk-do,286,South Korea,286,36.6260246,127.4645632
182, ,,Cheongju-si,Chungcheongbuk-do,287,South Korea,287,36.6242386,127.498575
183, ,,Cheongju-si,Chungcheongbuk-do,288,South Korea,288,36.5766043,127.4778725
184, ,,Chungju-si,Chungcheongbuk-do,273,South Korea,273,36.9673187,127.9440892
185, ,,Chungju-si,Chungcheongbuk-do,274,South Korea,274,36.9357113,127.8927348
186, ,,Chungju-si,Chungcheongbuk-do,275,South Korea,275,36.8224157,128.0918768
187, ,,Danyang-gun,Chungcheongbuk-do,270,South Korea,270,37.0447186,128.410539
188, ,,Eumseong-gun,Chungcheongbuk-do,276,South Korea,276,37.1373417,127.6426518
189, ,,Eumseong-gun,Chungcheongbuk-do,277,South Korea,277,36.9443957,127.5591982
190, ,,Goesan-gun,Chungcheongbuk-do,280,South Korea,280,36.8286963,127.884849
191, ,,Jecheon-si,Chungcheongbuk-do,271,South Korea,271,37.1239886,128.2211228
192, ,,Jecheon-si,Chungcheongbuk-do,272,South Korea,272,37.1198728,128.2198857
193, ,,Jeungpyeong-gun,Chungcheongbuk-do,279,South Korea,279,36.8398308,127.6303595
194, ,,Jincheon-gun,Chungcheongbuk-do,278,South Korea,278,36.992876,127.4376107
195, ,,Okcheon-gun,Chungcheongbuk-do,290,South Korea,290,36.3511859,127.586513
196, ,,Yeongdong-gun,Chungcheongbuk-do,291,South Korea,291,36.1586334,127.9473274
197, ,,Asan-si,Chungcheongnam-do,314,South Korea,314,36.7719463,127.03382
198, ,,Asan-si,Chungcheongnam-do,315,South Korea,315,36.7929322,127.0129462
199, ,,Boryeong-si,Chungcheongnam-do,334,South Korea,334,36.3427927,126.5960962
200, ,,Boryeong-si,Chungcheongnam-do,335,South Korea,335,36.3175179,126.553292
201, ,,Buyeo-gun,Chungcheongnam-do,331,South Korea,331,36.2599961,126.8362909
202, ,,Buyeo-gun,Chungcheongnam-do,332,South Korea,332,36.1968135,126.774035
203, ,,Cheonan-si,Chungcheongnam-do,310,South Korea,310,36.7928969,127.1724894
204, ,,Cheonan-si,Chungcheongnam-do,311,South Korea,311,36.8071743,127.1519707
205,Dongnam-gu,,Cheonan-si,Chungcheongnam-do,312,South Korea,312,36.6777257,127.0338158
206, ,,Cheongyang-gun,Chungcheongnam-do,333,South Korea,333,36.4029079,126.7810171
207, ,,Dangjin-si,Chungcheongnam-do,317,South Korea,317,36.956886,126.540142
208, ,,Dangjin-si,Chungcheongnam-do,318,South Korea,318,36.798555,126.642674
209, ,,Geumsan-gun,Chungcheongnam-do,327,South Korea,327,36.1252479,127.500187
210, ,,Gongju-si,Chungcheongnam-do,325,South Korea,325,36.4353786,127.0660405
211, ,,Gongju-si,Chungcheongnam-do,326,South Korea,326,36.3240806,127.1525943
212, ,,Gyeryong-si,Chungcheongnam-do,328,South Korea,328,36.2747463,127.2426828
213, ,,Hongseong-gun,Chungcheongnam-do,322,South Korea,322,36.6233711,126.5823527
214, ,,Nonsan-si,Chungcheongnam-do,329,South Korea,329,36.1597683,127.024054
215, ,,Nonsan-si,Chungcheongnam-do,330,South Korea,330,36.1414742,127.1703476
216, ,,Seocheon-gun,Chungcheongnam-do,336,South Korea,336,36.0903202,126.7731038
217, ,,Seosan-si,Chungcheongnam-do,319,South Korea,319,36.7890405,126.4318918
218, ,,Seosan-si,Chungcheongnam-do,320,South Korea,320,36.6777915,126.5444159
219, ,,Taean-gun,Chungcheongnam-do,321,South Korea,321,36.4168439,126.4014511
220, ,,Yesan-gun,Chungcheongnam-do,324,South Korea,324,36.7419063,126.748773
221, ,,Cheorwon-gun,Gangwon-do,240,South Korea,240,38.1175311,127.294257
222, ,,Chuncheon-si,Gangwon-do,242,South Korea,242,37.8794269,127.7408498
223, ,,Chuncheon-si,Gangwon-do,243,South Korea,243,37.8767427,127.7197909
224, ,,Chuncheon-si,Gangwon-do,244,South Korea,244,37.8538967,127.703567
225, ,,Donghae-si,Gangwon-do,257,South Korea,257,37.5715315,129.0657035
226, ,,Donghae-si,Gangwon-do,258,South Korea,258,37.4878765,129.127786
227, ,,Gangneung-si,Gangwon-do,254,South Korea,254,37.786494,128.9287945
228, ,,Gangneung-si,Gangwon-do,255,South Korea,255,37.786494,128.9287945
229, ,,Gangneung-si,Gangwon-do,256,South Korea,256,37.7117778,128.9632841
230, ,,Goseong-gun,Gangwon-do,247,South Korea,247,38.3787111,128.4572336
231, ,,Hoengseong-gun,Gangwon-do,252,South Korea,252,37.5297746,128.0729675
232, ,,Hongcheon-gun,Gangwon-do,251,South Korea,251,37.6718154,127.7647152
233, ,,Hwacheon-gun,Gangwon-do,241,South Korea,241,38.0367789,127.813358
234, ,,Inje-gun,Gangwon-do,246,South Korea,246,37.9365758,128.3836114
235, ,,Jeongseon-gun,Gangwon-do,261,South Korea,261,37.2090511,128.8896805
236, ,,Pyeongchang-gun,Gangwon-do,253,South Korea,253,37.6827785,128.5973211
237, ,,Samcheok-si,Gangwon-do,259,South Korea,259,37.1470545,129.1841781
238, ,,Sokcho-si,Gangwon-do,248,South Korea,248,38.2006183,128.5679555
239, ,,Sokcho-si,Gangwon-do,249,South Korea,249,38.1760108,128.6072118
240, ,,Taebaek-si,Gangwon-do,260,South Korea,260,37.0952062,128.9961379
241, ,,Wonju-si,Gangwon-do,263,South Korea,263,37.3962142,127.9416411
242, ,,Wonju-si,Gangwon-do,264,South Korea,264,37.3308175,127.95278
243, ,,Wonju-si,Gangwon-do,265,South Korea,265,37.3027554,127.97818
244, ,,Yanggu-gun,Gangwon-do,245,South Korea,245,38.1339948,128.0162289
245, ,,Yangyang-gun,Gangwon-do,250,South Korea,250,38.1247529,128.5596888
246, ,,Yeongwol-gun,Gangwon-do,262,South Korea,262,37.1238809,128.5256032
247, ,,Ansan-si,Gyeonggi-do,152,South Korea,152,37.3299181,126.8372533
248, ,,Ansan-si,Gyeonggi-do,153,South Korea,153,37.3192195,126.8277729
249, ,,Ansan-si,Gyeonggi-do,154,South Korea,154,37.3093406,126.83739
250, ,,Ansan-si,Gyeonggi-do,155,South Korea,155,37.3083302,126.7770294
251, ,,Ansan-si,Gyeonggi-do,156,South Korea,156,37.220626,126.5672858
252, ,,Anseong-si,Gyeonggi-do,175,South Korea,175,37.0595117,127.2992812
253, ,,Anseong-si,Gyeonggi-do,176,South Korea,176,36.9511068,127.2387027
254, ,,Anyang-si,Gyeonggi-do,139,South Korea,139,37.4059195,126.9657088
255, ,,Anyang-si,Gyeonggi-do,140,South Korea,140,37.4015752,126.9655502
256,Dongan-gu,,Anyang-si,Gyeonggi-do,141,South Korea,141,37.3977688,126.9542134
257, ,,Bucheon-si,Gyeonggi-do,144,South Korea,144,37.473659,126.7962607
258, ,,Bucheon-si,Gyeonggi-do,145,South Korea,145,37.5079366,126.7833342
259, ,,Bucheon-si,Gyeonggi-do,146,South Korea,146,37.477416,126.8068653
260,Sosa-gu,,Bucheon-si,Gyeonggi-do,147,South Korea,147,37.4639323,126.8082211
261, ,,Dongducheon-si,Gyeonggi-do,113,South Korea,113,37.9231253,127.1006677
262, ,,Gapyeong-gun,Gyeonggi-do,124,South Korea,124,37.8685576,127.5515129
263, ,,Gimpo-si,Gyeonggi-do,100,South Korea,100,37.6308336,126.6866907
264, ,,Gimpo-si,Gyeonggi-do,101,South Korea,101,37.625162,126.6977658
265, ,,Goyang-si,Gyeonggi-do,102,South Korea,102,37.7041321,126.901233
266, ,,Goyang-si,Gyeonggi-do,103,South Korea,103,37.6844182,126.8087077
267, ,,Goyang-si,Gyeonggi-do,104,South Korea,104,37.6045905,126.8440453
268,Deogyang-gu,,Goyang-si,Gyeonggi-do,105,South Korea,105,37.6021428,126.8599521
269, ,,Gunpo-si,Gyeonggi-do,158,South Korea,158,37.3626161,126.9463052
270, ,,Guri-si,Gyeonggi-do,119,South Korea,119,37.6348265,127.1156625
271, ,,Gwacheon-si,Gyeonggi-do,138,South Korea,138,37.4165329,126.9801633
272, ,,Gwangju-si,Gyeonggi-do,127,South Korea,127,37.4130675,127.2565115
273, ,,Gwangju-si,Gyeonggi-do,128,South Korea,128,37.3080605,127.321007
274, ,,Gwangmyeong-si,Gyeonggi-do,142,South Korea,142,37.4808018,126.8578577
275, ,,Gwangmyeong-si,Gyeonggi-do,143,South Korea,143,37.4132962,126.8629619
276, ,,Hanam-si,Gyeonggi-do,129,South Korea,129,37.5208701,127.1534906
277, ,,Hanam-si,Gyeonggi-do,130,South Korea,130,37.4946777,127.1600131
278, ,,Hwaseong-si,Gyeonggi-do,182,South Korea,182,37.2039464,126.8266259
279, ,,Hwaseong-si,Gyeonggi-do,183,South Korea,183,37.2254434,127.0415104
280, ,,Hwaseong-si,Gyeonggi-do,184,South Korea,184,37.2131616,127.0518301
281, ,,Hwaseong-si,Gyeonggi-do,185,South Korea,185,37.1944453,126.8663486
282, ,,Hwaseong-si,Gyeonggi-do,186,South Korea,186,37.0911823,126.9135249
283, ,,Icheon-si,Gyeonggi-do,173,South Korea,173,37.2869417,127.4631426
284, ,,Icheon-si,Gyeonggi-do,174,South Korea,174,37.2242317,127.4543054
285, ,,Namyangju-si,Gyeonggi-do,120,South Korea,120,37.6736183,127.1159235
286, ,,Namyangju-si,Gyeonggi-do,121,South Korea,121,37.6481504,127.1034115
287, ,,Namyangju-si,Gyeonggi-do,122,South Korea,122,37.6076744,127.1694671
288, ,,Osan-si,Gyeonggi-do,181,South Korea,181,37.1467762,127.0460989
289, ,,Paju-si,Gyeonggi-do,108,South Korea,108,37.7768135,126.7465744
290, ,,Paju-si,Gyeonggi-do,109,South Korea,109,37.774028,126.916996
291, ,,Pocheon-si,Gyeonggi-do,111,South Korea,111,37.8324223,127.1769673
292, ,,Pyeongtaek-si,Gyeonggi-do,177,South Korea,177,37.0531036,127.1142725
293, ,,Pyeongtaek-si,Gyeonggi-do,178,South Korea,178,37.0178953,127.0317455
294, ,,Pyeongtaek-si,Gyeonggi-do,179,South Korea,179,37.0132702,127.0315088
295, ,,Pyeongtaek-si,Gyeonggi-do,180,South Korea,180,36.9664872,127.0608672
296, ,,Seongnam-si,Gyeonggi-do,131,South Korea,131,37.4361933,127.0975937
297, ,,Seongnam-si,Gyeonggi-do,132,South Korea,132,37.4476192,127.1447604
298, ,,Seongnam-si,Gyeonggi-do,133,South Korea,133,37.4161874,127.1211129
299, ,,Seongnam-si,Gyeonggi-do,134,South Korea,134,37.3990751,127.1021168
300, ,,Seongnam-si,Gyeonggi-do,136,South Korea,136,37.3406045,127.1204332
301,Bundang-gu,,Seongnam-si,Gyeonggi-do,135,South Korea,135,37.3711169,127.1000058
302, ,,Siheung-si,Gyeonggi-do,149,South Korea,149,37.4486937,126.8223979
303, ,,Siheung-si,Gyeonggi-do,150,South Korea,150,37.3416288,126.7852086
304, ,,Siheung-si,Gyeonggi-do,151,South Korea,151,37.3798877,126.8031025
305, ,,Suwon-si,Gyeonggi-do,162,South Korea,162,37.2895977,127.0483316
306, ,,Suwon-si,Gyeonggi-do,163,South Korea,163,37.2659137,126.9714548
307, ,,Suwon-si,Gyeonggi-do,164,South Korea,164,37.2824698,126.9740787
308, ,,Suwon-si,Gyeonggi-do,165,South Korea,165,37.2610572,127.0303061
309, ,,Suwon-si,Gyeonggi-do,166,South Korea,166,37.2395273,126.9782413
310,Yeongtong-gu,,Suwon-si,Gyeonggi-do,167,South Korea,167,37.2491376,127.0783023
311, ,,Uijeongbu-si,Gyeonggi-do,116,South Korea,116,37.7517832,127.0459261
312, ,,Uijeongbu-si,Gyeonggi-do,117,South Korea,117,37.7464316,127.05318
313, ,,Uijeongbu-si,Gyeonggi-do,118,South Korea,118,37.7361078,127.1067837
314, ,,Uiwang-si,Gyeonggi-do,160,South Korea,160,37.348121,126.9777263
315, ,,Uiwang-si,Gyeonggi-do,161,South Korea,161,37.3170471,126.9553963
316, ,,Yangju-si,Gyeonggi-do,114,South Korea,114,37.8333114,127.0708782
317, ,,Yangju-si,Gyeonggi-do,115,South Korea,115,37.7938312,127.0561806
318, ,,Yangpyeong-gun,Gyeonggi-do,125,South Korea,125,37.4633875,127.4788635
319, ,,Yeoju-si,Gyeonggi-do,126,South Korea,126,37.1994983,127.5498508
320, ,,Yeoncheon-gun,Gyeonggi-do,110,South Korea,110,38.0259872,127.0469028
321, ,,Yongin-si,Gyeonggi-do,168,South Korea,168,37.2959954,127.1649588
322, ,,Yongin-si,Gyeonggi-do,169,South Korea,169,37.2768138,127.1286848
323, ,,Yongin-si,Gyeonggi-do,170,South Korea,170,37.2242838,127.1147039
324, ,,Yongin-si,Gyeonggi-do,171,South Korea,171,37.2280607,127.1002765
325, ,,Andong-si,Gyeongsangbuk-do,366,South Korea,366,36.5661648,128.7262003
326, ,,Andong-si,Gyeongsangbuk-do,367,South Korea,367,36.3610893,128.9175917
327, ,,Bonghwa-gun,Gyeongsangbuk-do,362,South Korea,362,36.8586033,128.8521507
328, ,,Cheongdo-gun,Gyeongsangbuk-do,383,South Korea,383,35.6362027,128.6731628
329, ,,Cheongsong-gun,Gyeongsangbuk-do,374,South Korea,374,36.3543114,129.0501686
330, ,,Chilgok-gun,Gyeongsangbuk-do,398,South Korea,398,36.0568185,128.5916816
331, ,,Chilgok-gun,Gyeongsangbuk-do,399,South Korea,399,36.0084597,128.3253914
332, ,,Gimcheon-si,Gyeongsangbuk-do,395,South Korea,395,36.2171418,128.2077472
333, ,,Gimcheon-si,Gyeongsangbuk-do,396,South Korea,396,36.1114083,128.1319722
334, ,,Goryeong-gun,Gyeongsangbuk-do,401,South Korea,401,35.7393205,128.393835
335, ,,Gumi-si,Gyeongsangbuk-do,391,South Korea,391,36.1434645,128.404546
336, ,,Gumi-si,Gyeongsangbuk-do,392,South Korea,392,36.1243018,128.3670931
337, ,,Gumi-si,Gyeongsangbuk-do,393,South Korea,393,36.1237662,128.4160417
338, ,,Gumi-si,Gyeongsangbuk-do,394,South Korea,394,36.0930561,128.433555
339, ,,Gunwi-gun,Gyeongsangbuk-do,390,South Korea,390,36.1787287,128.8401979
340, ,,Gyeongju-si,Gyeongsangbuk-do,380,South Korea,380,35.9781999,129.290949
341, ,,Gyeongju-si,Gyeongsangbuk-do,381,South Korea,381,35.8039525,129.5033959
342, ,,Gyeongju-si,Gyeongsangbuk-do,382,South Korea,382,35.767482,129.2865785
343, ,,Gyeongsan-si,Gyeongsangbuk-do,384,South Korea,384,35.8541354,128.7559861
344, ,,Gyeongsan-si,Gyeongsangbuk-do,385,South Korea,385,35.8230813,128.767055
345, ,,Gyeongsan-si,Gyeongsangbuk-do,386,South Korea,386,35.8319877,128.7472349
346, ,,Mungyeong-si,Gyeongsangbuk-do,369,South Korea,369,36.6380185,128.069873
347, ,,Mungyeong-si,Gyeongsangbuk-do,370,South Korea,370,36.5823445,128.0233345
348, ,,Pohang-si,Gyeongsangbuk-do,376,South Korea,376,36.0093112,129.3351573
349, ,,Pohang-si,Gyeongsangbuk-do,377,South Korea,377,36.0206284,129.3643495
350, ,,Pohang-si,Gyeongsangbuk-do,379,South Korea,379,35.9914649,129.562891
351,Buk-gu,,Pohang-si,Gyeongsangbuk-do,375,South Korea,375,36.1272862,129.1259893
352,Nam-gu,,Pohang-si,Gyeongsangbuk-do,378,South Korea,378,35.9920618,129.3683786
353, ,,Sangju-si,Gyeongsangbuk-do,371,South Korea,371,36.4344677,128.1711479
354, ,,Sangju-si,Gyeongsangbuk-do,372,South Korea,372,36.3560258,128.1196655
355, ,,Seongju-gun,Gyeongsangbuk-do,400,South Korea,400,35.8820933,128.1329184
356, ,,Uiseong-gun,Gyeongsangbuk-do,373,South Korea,373,36.2201731,128.7215929
357, ,,Uljin-gun,Gyeongsangbuk-do,363,South Korea,363,36.9498081,129.3760934
358, ,,Ulleung-gun,Gyeongsangbuk-do,402,South Korea,402,37.5352812,130.8566257
359, ,,Yecheon-gun,Gyeongsangbuk-do,368,South Korea,368,36.7145814,128.4915013
360, ,,Yeongcheon-si,Gyeongsangbuk-do,388,South Korea,388,35.9899217,128.9772883
361, ,,Yeongcheon-si,Gyeongsangbuk-do,389,South Korea,389,36.0018069,129.0847198
362, ,,Yeongdeok-gun,Gyeongsangbuk-do,364,South Korea,364,36.3674916,129.3924393
363, ,,Yeongju-si,Gyeongsangbuk-do,360,South Korea,360,36.8324457,128.5977834
364, ,,Yeongju-si,Gyeongsangbuk-do,361,South Korea,361,36.8112372,128.611952
365, ,,Yeongyang-gun,Gyeongsangbuk-do,365,South Korea,365,36.5451673,129.1393019
366, ,,Changnyeong-gun,Gyeongsangnam-do,503,South Korea,503,35.4852238,128.4975406
367, ,,Changwon-si,Gyeongsangnam-do,512,South Korea,512,35.2148532,128.5670518
368, ,,Changwon-si,Gyeongsangnam-do,513,South Korea,513,35.2185266,128.5807147
369, ,,Changwon-si,Gyeongsangnam-do,514,South Korea,514,35.2068316,128.7023361
370, ,,Changwon-si,Gyeongsangnam-do,515,South Korea,515,35.2099462,128.6927272
371, ,,Changwon-si,Gyeongsangnam-do,517,South Korea,517,35.1641942,128.5695611
372,Jinhae-gu,,Changwon-si,Gyeongsangnam-do,516,South Korea,516,35.1159482,128.8337771
373,Uichang-gu,,Changwon-si,Gyeongsangnam-do,511,South Korea,511,35.3244725,128.6935559
374, ,,Geochang-gun,Gyeongsangnam-do,501,South Korea,501,35.7856643,128.0140478
375, ,,Geoje-si,Gyeongsangnam-do,532,South Korea,532,34.8595398,128.5853133
376, ,,Geoje-si,Gyeongsangnam-do,533,South Korea,533,34.7384784,128.6750749
377, ,,Gimhae-si,Gyeongsangnam-do,508,South Korea,508,35.2497048,128.8794578
378, ,,Gimhae-si,Gyeongsangnam-do,509,South Korea,509,35.2030745,128.8709932
379, ,,Gimhae-si,Gyeongsangnam-do,510,South Korea,510,35.2030745,128.8709932
380, ,,Goseong-gun,Gyeongsangnam-do,529,South Korea,529,35.1042752,128.2225724
381, ,,Hadong-gun,Gyeongsangnam-do,523,South Korea,523,35.0156593,127.8257594
382, ,,Haman-gun,Gyeongsangnam-do,520,South Korea,520,35.2851751,128.3904769
383, ,,Hamyang-gun,Gyeongsangnam-do,500,South Korea,500,35.4042141,127.6697742
384, ,,Hapcheon-gun,Gyeongsangnam-do,502,South Korea,502,35.7474317,128.0906434
385, ,,Jinju-si,Gyeongsangnam-do,526,South Korea,526,35.1957275,128.0813855
386, ,,Jinju-si,Gyeongsangnam-do,527,South Korea,527,35.1778278,128.0823562
387, ,,Jinju-si,Gyeongsangnam-do,528,South Korea,528,35.1514757,128.1179136
388, ,,Miryang-si,Gyeongsangnam-do,504,South Korea,504,35.4763456,128.7793242
389, ,,Namhae-gun,Gyeongsangnam-do,524,South Korea,524,34.8938918,127.8385638
390, ,,Sacheon-si,Gyeongsangnam-do,525,South Korea,525,35.1436627,127.9720441
391, ,,Sancheong-gun,Gyeongsangnam-do,522,South Korea,522,35.4085766,127.8527992
392, ,,Tongyeong-si,Gyeongsangnam-do,530,South Korea,530,34.9017101,128.3948237
393, ,,Tongyeong-si,Gyeongsangnam-do,531,South Korea,531,34.8524057,128.2096094
394, ,,Uiryeong-gun,Gyeongsangnam-do,521,South Korea,521,35.3247994,128.2432556
395, ,,Yangsan-si,Gyeongsangnam-do,505,South Korea,505,35.3464458,129.0234872
396, ,,Yangsan-si,Gyeongsangnam-do,506,South Korea,506,35.3367829,129.0378698
397, ,,Jeju-si,Jeju-do,630,South Korea,630,33.4902569,126.4504954
398, ,,Jeju-si,Jeju-do,631,South Korea,631,33.516944,126.5224821
399, ,,Jeju-si,Jeju-do,632,South Korea,632,33.5154707,126.5414148
400, ,,Jeju-si,Jeju-do,633,South Korea,633,33.5011704,126.5402581
401, ,,Seogwipo-si,Jeju-do,635,South Korea,635,33.2366013,126.4772906
402, ,,Seogwipo-si,Jeju-do,636,South Korea,636,33.255487,126.5686054
403, ,, ,Jeollabuk-do,553,South Korea,553,36.0508401,127.2712837
404, ,,Buan-gun,Jeollabuk-do,563,South Korea,563,35.7833517,126.6368307
405, ,,Gimje-si,Jeollabuk-do,543,South Korea,543,35.7989686,126.8716553
406, ,,Gimje-si,Jeollabuk-do,544,South Korea,544,35.79799,126.9076195
407, ,,Gochang-gun,Jeollabuk-do,564,South Korea,564,35.4090698,126.6634662
408, ,,Gunsan-si,Jeollabuk-do,540,South Korea,540,35.9850004,126.7134574
409, ,,Gunsan-si,Jeollabuk-do,541,South Korea,541,35.9394017,126.6615381
410, ,,Iksan-si,Jeollabuk-do,545,South Korea,545,35.9488844,126.9572232
411, ,,Iksan-si,Jeollabuk-do,546,South Korea,546,35.9341152,126.9533238
412, ,,Imsil-gun,Jeollabuk-do,559,South Korea,559,35.5365263,127.1716849
413, ,,Jangsu-gun,Jeollabuk-do,556,South Korea,556,35.648208,127.5476397
414, ,,Jeongeup-si,Jeollabuk-do,561,South Korea,561,35.713831,126.9801751
415, ,,Jeongeup-si,Jeollabuk-do,562,South Korea,562,35.5763696,126.7938302
416, ,,Jeonju-si,Jeollabuk-do,548,South Korea,548,35.8925163,127.0206928
417, ,,Jeonju-si,Jeollabuk-do,549,South Korea,549,35.8399399,127.131129
418, ,,Jeonju-si,Jeollabuk-do,550,South Korea,550,35.8486741,127.2003295
419,Wansan-gu,,Jeonju-si,Jeollabuk-do,551,South Korea,551,35.804977,127.1727738
420, ,,Jinan-gun,Jeollabuk-do,554,South Korea,554,35.8710154,127.6013636
421, ,,Muju-gun,Jeollabuk-do,555,South Korea,555,35.9684,127.6514315
422, ,,Namwon-si,Jeollabuk-do,557,South Korea,557,35.4520377,127.4132771
423, ,,Namwon-si,Jeollabuk-do,558,South Korea,558,35.3942988,127.3765205
424, ,,Sunchang-gun,Jeollabuk-do,560,South Korea,560,35.4294264,127.0865578
425, ,,Boseong-gun,Jeollanam-do,594,South Korea,594,34.8005718,127.1571219
426, ,,Damyang-gun,Jeollanam-do,573,South Korea,573,35.2096302,126.9953563
427, ,,Gangjin-gun,Jeollanam-do,592,South Korea,592,34.6499456,126.7744398
428, ,,Goheung-gun,Jeollanam-do,595,South Korea,595,34.6048191,127.2385632
429, ,,Gokseong-gun,Jeollanam-do,575,South Korea,575,35.2603453,127.1575743
430, ,,Gurye-gun,Jeollanam-do,576,South Korea,576,35.1786928,127.5440916
431, ,,Gwangyang-si,Jeollanam-do,577,South Korea,577,34.9794922,127.5764586
432, ,,Gwangyang-si,Jeollanam-do,578,South Korea,578,34.9386939,127.7332878
433, ,,Haenam-gun,Jeollanam-do,590,South Korea,590,34.6546153,126.5970914
434, ,,Hampyeong-gun,Jeollanam-do,571,South Korea,571,35.1033412,126.5721112
435, ,,Hwasun-gun,Jeollanam-do,581,South Korea,581,34.9853772,127.0922246
436, ,,Jangheung-gun,Jeollanam-do,593,South Korea,593,34.5654112,126.9999075
437, ,,Jangseong-gun,Jeollanam-do,572,South Korea,572,35.2526448,126.793333
438, ,,Jindo-gun,Jeollanam-do,589,South Korea,589,34.4970827,126.3228259
439, ,,Mokpo-si,Jeollanam-do,586,South Korea,586,34.8377056,126.4291678
440, ,,Mokpo-si,Jeollanam-do,587,South Korea,587,34.7855283,126.3819714
441, ,,Muan-gun,Jeollanam-do,585,South Korea,585,34.9530168,126.3455542
442, ,,Naju-si,Jeollanam-do,582,South Korea,582,35.0284097,126.7189646
443, ,,Naju-si,Jeollanam-do,583,South Korea,583,34.9235373,126.6424945
444, ,,Sinan-gun,Jeollanam-do,588,South Korea,588,34.689373,125.981257
445, ,,Suncheon-si,Jeollanam-do,579,South Korea,579,34.9797083,127.4823983
446, ,,Suncheon-si,Jeollanam-do,580,South Korea,580,34.9095277,127.5016519
447, ,,Wando-gun,Jeollanam-do,591,South Korea,591,34.4305438,126.8168346
448, ,,Yeongam-gun,Jeollanam-do,584,South Korea,584,34.764788,126.6360464
449, ,,Yeonggwang-gun,Jeollanam-do,570,South Korea,570,35.215752,126.4283476
450, ,,Yeosu-si,Jeollanam-do,596,South Korea,596,34.8139118,127.7195854
451, ,,Yeosu-si,Jeollanam-do,597,South Korea,597,34.712478,127.7279139
452,Jung-gu,,Incheon,,224,South Korea,224,37.48623,126.5411
